timestamp,hour,day_of_week,outdoor_temp,indoor_temp,occupancy,hvac_state,is_weekend,is_office_hours
2024-01-01 00:00:00,0.0,0.0,29.917268271958534,27.04349834779255,0.0,1,0,0
2024-01-01 00:15:00,0.0,0.0,29.740877709130636,25.944361719386173,0.0,1,0,0
2024-01-01 00:30:00,0.0,0.0,31.63294238625955,24.86001803576839,0.0,1,0,0
2024-01-01 00:45:00,0.0,0.0,28.459552376896244,23.793907286239794,0.0,1,0,0
2024-01-01 01:00:00,1.0,0.0,29.269731987858382,24.242969276055735,0.0,0,0,0
2024-01-01 01:15:00,1.0,0.0,28.0,24.31563110427836,0.0,0,0,0
2024-01-01 01:30:00,1.0,0.0,29.863274065727666,24.32390945667235,0.0,0,0,0
2024-01-01 01:45:00,1.0,0.0,29.473703908021722,24.755750419547997,0.0,0,0,0
2024-01-01 02:00:00,2.0,0.0,28.0,24.932470119178678,0.0,0,0,0
2024-01-01 02:15:00,2.0,0.0,30.55107348964667,25.199110570662565,0.0,0,0,0
2024-01-01 02:30:00,2.0,0.0,30.28445724321515,25.464645987766335,0.0,0,0,0
2024-01-01 02:45:00,2.0,0.0,28.666958687697857,25.661855620619736,0.0,0,0,0
2024-01-01 03:00:00,3.0,0.0,30.00467328780096,26.000359002636188,0.0,0,0,0
2024-01-01 03:15:00,3.0,0.0,29.910717664012285,24.765303039288174,0.0,1,0,0
2024-01-01 03:30:00,3.0,0.0,28.53701551188359,23.208295118073426,0.0,1,0,0
2024-01-01 03:45:00,3.0,0.0,32.03105780551195,23.813978889248677,0.0,0,0,0
2024-01-01 04:00:00,4.0,0.0,33.21607185951459,24.415001643855337,0.0,0,0,0
2024-01-01 04:15:00,4.0,0.0,30.17045254445098,25.34666046140001,0.0,0,0,0
2024-01-01 04:30:00,4.0,0.0,31.098873117063395,25.75130526673232,0.0,0,0,0
2024-01-01 04:45:00,4.0,0.0,32.27180095635049,26.176270731226328,0.0,0,0,0
2024-01-01 05:00:00,5.0,0.0,35.29786974442104,25.31004832411553,0.0,1,0,0
2024-01-01 05:15:00,5.0,0.0,32.357164449642724,24.547321189493207,0.0,1,0,0
2024-01-01 05:30:00,5.0,0.0,33.52686390753666,23.927999805415084,0.0,1,0,0
2024-01-01 05:45:00,5.0,0.0,33.11442113302092,24.4473221387519,0.0,0,0,0
2024-01-01 06:00:00,6.0,0.0,34.49503790889608,25.05566293846124,0.0,0,0,0
2024-01-01 06:15:00,6.0,0.0,34.64093208571419,25.91396177974417,0.0,0,0,0
2024-01-01 06:30:00,6.0,0.0,33.1151005758625,26.70769740403911,0.0,0,0,0
2024-01-01 06:45:00,6.0,0.0,35.19647665097225,25.800935656064834,0.0,1,0,0
2024-01-01 07:00:00,7.0,0.0,36.04787923712187,25.096662455326864,0.0,1,0,0
2024-01-01 07:15:00,7.0,0.0,32.762958247477464,24.19799204389655,0.0,1,0,0
2024-01-01 07:30:00,7.0,0.0,37.333186798435875,23.480387291010114,0.0,1,0,0
2024-01-01 07:45:00,7.0,0.0,35.456721259147976,24.319115291041957,0.0,0,0,0
2024-01-01 08:00:00,8.0,0.0,37.37787365161325,25.297153714588084,0.0,0,0,0
2024-01-01 08:15:00,8.0,0.0,34.79982440510215,25.633896300227445,0.0,0,0,0
2024-01-01 08:30:00,8.0,0.0,34.344780593891976,26.501213360106078,0.0,0,0,0
2024-01-01 08:45:00,8.0,0.0,36.99910960846867,25.679486312207935,0.0,1,0,0
2024-01-01 09:00:00,9.0,0.0,37.49884431938305,28.048949147557337,6.0,1,0,1
2024-01-01 09:15:00,9.0,0.0,36.39871759973284,29.61065059027196,5.0,1,0,1
2024-01-01 09:30:00,9.0,0.0,36.89578353484306,30.331170772203137,3.0,1,0,1
2024-01-01 09:45:00,9.0,0.0,36.621960319158056,30.89216328539109,3.0,1,0,1
2024-01-01 10:00:00,10.0,0.0,36.0395672309173,35.10591688795072,10.0,1,0,1
2024-01-01 10:15:00,10.0,0.0,38.0,36.98670525603012,6.0,1,0,1
2024-01-01 10:30:00,10.0,0.0,37.693126030484656,39.913163850248885,8.0,1,0,1
2024-01-01 10:45:00,10.0,0.0,37.66366628031786,42.26032659152859,7.0,1,0,1
2024-01-01 11:00:00,11.0,0.0,38.0,45.0,9.0,1,0,1
2024-01-01 11:15:00,11.0,0.0,36.31618684247757,45.0,7.0,1,0,1
2024-01-01 11:30:00,11.0,0.0,38.0,45.0,7.0,1,0,1
2024-01-01 11:45:00,11.0,0.0,38.0,45.0,6.0,1,0,1
2024-01-01 12:00:00,12.0,0.0,38.0,45.0,8.0,1,0,1
2024-01-01 12:15:00,12.0,0.0,38.0,45.0,8.0,1,0,1
2024-01-01 12:30:00,12.0,0.0,38.0,45.0,7.0,1,0,1
2024-01-01 12:45:00,12.0,0.0,37.59825626006677,45.0,7.0,1,0,1
2024-01-01 13:00:00,13.0,0.0,38.0,45.0,9.0,1,0,1
2024-01-01 13:15:00,13.0,0.0,38.0,45.0,6.0,1,0,1
2024-01-01 13:30:00,13.0,0.0,37.616781749173356,45.0,9.0,1,0,1
2024-01-01 13:45:00,13.0,0.0,36.83032173795553,45.0,9.0,1,0,1
2024-01-01 14:00:00,14.0,0.0,37.51722279107897,45.0,7.0,1,0,1
2024-01-01 14:15:00,14.0,0.0,37.34125586864256,45.0,9.0,1,0,1
2024-01-01 14:30:00,14.0,0.0,38.0,45.0,7.0,1,0,1
2024-01-01 14:45:00,14.0,0.0,38.0,45.0,8.0,1,0,1
2024-01-01 15:00:00,15.0,0.0,38.0,45.0,7.0,1,0,1
2024-01-01 15:15:00,15.0,0.0,35.16641439150463,45.0,8.0,1,0,1
2024-01-01 15:30:00,15.0,0.0,37.31313195588,45.0,7.0,1,0,1
2024-01-01 15:45:00,15.0,0.0,38.0,45.0,6.0,1,0,1
2024-01-01 16:00:00,16.0,0.0,34.68759977599522,45.0,8.0,1,0,1
2024-01-01 16:15:00,16.0,0.0,36.5043301997523,45.0,7.0,1,0,1
2024-01-01 16:30:00,16.0,0.0,37.91055620017504,45.0,7.0,1,0,1
2024-01-01 16:45:00,16.0,0.0,38.0,45.0,9.0,1,0,1
2024-01-01 17:00:00,17.0,0.0,34.39901734452749,42.846282898571275,0.0,1,0,0
2024-01-01 17:15:00,17.0,0.0,37.042731232750356,40.81995354945366,0.0,1,0,0
2024-01-01 17:30:00,17.0,0.0,36.20851425478245,38.85860287605386,0.0,1,0,0
2024-01-01 17:45:00,17.0,0.0,34.82086838858786,37.30897164691506,0.0,1,0,0
2024-01-01 18:00:00,18.0,0.0,33.56203800388191,35.54023093152533,0.0,1,0,0
2024-01-01 18:15:00,18.0,0.0,32.87315322947913,33.68491864491121,0.0,1,0,0
2024-01-01 18:30:00,18.0,0.0,35.60372749526783,32.52168751524716,0.0,1,0,0
2024-01-01 18:45:00,18.0,0.0,35.452301907128124,31.652561623723035,0.0,1,0,0
2024-01-01 19:00:00,19.0,0.0,30.47999873967335,30.248218039099584,0.0,1,0,0
2024-01-01 19:15:00,19.0,0.0,30.460447957890096,28.805795871828163,0.0,1,0,0
2024-01-01 19:30:00,19.0,0.0,32.009166680267974,27.70985759128533,0.0,1,0,0
2024-01-01 19:45:00,19.0,0.0,33.02120652639331,26.665903322200958,0.0,1,0,0
2024-01-01 20:00:00,20.0,0.0,29.062058508136797,25.74563835737954,0.0,1,0,0
2024-01-01 20:15:00,20.0,0.0,30.498969621687962,24.402996177209307,0.0,1,0,0
2024-01-01 20:30:00,20.0,0.0,32.316694263445456,23.57657516596966,0.0,1,0,0
2024-01-01 20:45:00,20.0,0.0,30.56485732139951,24.383034121015665,0.0,0,0,0
2024-01-01 21:00:00,21.0,0.0,30.06156270497207,24.83239647131987,0.0,0,0,0
2024-01-01 21:15:00,21.0,0.0,31.199447380504314,25.382129138221,0.0,0,0,0
2024-01-01 21:30:00,21.0,0.0,30.98531306700213,25.424349408064813,0.0,0,0,0
2024-01-01 21:45:00,21.0,0.0,29.27081223126448,25.57434523362306,0.0,0,0,0
2024-01-01 22:00:00,22.0,0.0,31.109783959321508,26.146893552244784,0.0,0,0,0
2024-01-01 22:15:00,22.0,0.0,29.03667504341945,24.981767599601362,0.0,1,0,0
2024-01-01 22:30:00,22.0,0.0,29.76009586310298,23.75683634748968,0.0,1,0,0
2024-01-01 22:45:00,22.0,0.0,29.56568778676825,24.23858983054021,0.0,0,0,0
2024-01-01 23:00:00,23.0,0.0,28.666134868054158,24.709517751415763,0.0,0,0,0
2024-01-01 23:15:00,23.0,0.0,28.0,25.182467720974994,0.0,0,0,0
2024-01-01 23:30:00,23.0,0.0,28.0,25.420431326842877,0.0,0,0,0
2024-01-01 23:45:00,23.0,0.0,28.0,25.423766981196323,0.0,0,0,0
2024-01-02 00:00:00,0.0,1.0,31.74307282728534,25.90648726530331,0.0,0,0,0
2024-01-02 00:15:00,0.0,1.0,30.691587132941862,26.344052355074933,0.0,0,0,0
2024-01-02 00:30:00,0.0,1.0,28.0,25.025426171571315,0.0,1,0,0
2024-01-02 00:45:00,0.0,1.0,28.392664150661577,23.95578006833029,0.0,1,0,0
2024-01-02 01:00:00,1.0,1.0,30.265818138188802,24.43761740723259,0.0,0,0,0
2024-01-02 01:15:00,1.0,1.0,28.0,25.014133928294974,0.0,0,0,0
2024-01-02 01:30:00,1.0,1.0,29.070008560044304,25.47570562683051,0.0,0,0,0
2024-01-02 01:45:00,1.0,1.0,28.0,25.700136727836693,0.0,0,0,0
2024-01-02 02:00:00,2.0,1.0,29.284720664696593,25.910658602115372,0.0,0,0,0
2024-01-02 02:15:00,2.0,1.0,28.652542736872483,26.046828512905563,0.0,0,0,0
2024-01-02 02:30:00,2.0,1.0,29.408397942937885,24.642614390958695,0.0,1,0,0
2024-01-02 02:45:00,2.0,1.0,29.945370799356866,23.851939066132605,0.0,1,0,0
2024-01-02 03:00:00,3.0,1.0,30.42869356997255,24.627409506050462,0.0,0,0,0
2024-01-02 03:15:00,3.0,1.0,29.890526852297135,24.969489776978048,0.0,0,0,0
2024-01-02 03:30:00,3.0,1.0,29.97666789790293,25.451070930304386,0.0,0,0,0
2024-01-02 03:45:00,3.0,1.0,30.73049105847028,25.683097498610532,0.0,0,0,0
2024-01-02 04:00:00,4.0,1.0,30.49873845681659,25.616901691293393,0.0,0,0,0
2024-01-02 04:15:00,4.0,1.0,32.188425376243515,25.60976596766465,0.0,0,0,0
2024-01-02 04:30:00,4.0,1.0,30.744929941651197,25.736939925616955,0.0,0,0,0
2024-01-02 04:45:00,4.0,1.0,30.256345655035446,25.96315972928351,0.0,0,0,0
2024-01-02 05:00:00,5.0,1.0,30.32731726869528,26.179302059404293,0.0,0,0,0
2024-01-02 05:15:00,5.0,1.0,32.93830251119786,25.009378348471152,0.0,1,0,0
2024-01-02 05:30:00,5.0,1.0,33.25366306121634,24.413641857126684,0.0,1,0,0
2024-01-02 05:45:00,5.0,1.0,33.92045819043311,23.70407524868,0.0,1,0,0
2024-01-02 06:00:00,6.0,1.0,34.182155380390334,24.384992653959173,0.0,0,0,0
2024-01-02 06:15:00,6.0,1.0,35.966450751472145,25.664851124201597,0.0,0,0,0
2024-01-02 06:30:00,6.0,1.0,36.44816691992935,26.674517441704207,0.0,0,0,0
2024-01-02 06:45:00,6.0,1.0,31.745192473223742,25.49022220934321,0.0,1,0,0
2024-01-02 07:00:00,7.0,1.0,34.75708920115802,24.866426302143342,0.0,1,0,0
2024-01-02 07:15:00,7.0,1.0,36.96196892431382,24.70521338839579,0.0,1,0,0
2024-01-02 07:30:00,7.0,1.0,34.1460543606167,23.988785545870943,0.0,1,0,0
2024-01-02 07:45:00,7.0,1.0,34.10140586953058,24.437909840751757,0.0,0,0,0
2024-01-02 08:00:00,8.0,1.0,38.0,25.560544989155467,0.0,0,0,0
2024-01-02 08:15:00,8.0,1.0,37.016344127027416,26.45023045947675,0.0,0,0,0
2024-01-02 08:30:00,8.0,1.0,35.563802052602924,25.745037040802448,0.0,1,0,0
2024-01-02 08:45:00,8.0,1.0,36.3450631140821,24.799844552519062,0.0,1,0,0
2024-01-02 09:00:00,9.0,1.0,35.37091900822086,26.872711508768308,5.0,1,0,1
2024-01-02 09:15:00,9.0,1.0,34.75418427190211,28.67508819130042,5.0,1,0,1
2024-01-02 09:30:00,9.0,1.0,38.0,30.51893406478201,5.0,1,0,1
2024-01-02 09:45:00,9.0,1.0,38.0,31.535434258774785,3.0,1,0,1
2024-01-02 10:00:00,10.0,1.0,38.0,34.87356072818379,8.0,1,0,1
2024-01-02 10:15:00,10.0,1.0,38.0,37.40628854247703,7.0,1,0,1
2024-01-02 10:30:00,10.0,1.0,37.451501262484136,40.70542118667847,9.0,1,0,1
2024-01-02 10:45:00,10.0,1.0,36.67387122402752,44.159635772473614,10.0,1,0,1
2024-01-02 11:00:00,11.0,1.0,35.64279569197517,45.0,6.0,1,0,1
2024-01-02 11:15:00,11.0,1.0,37.81314718573967,45.0,9.0,1,0,1
2024-01-02 11:30:00,11.0,1.0,38.0,45.0,7.0,1,0,1
2024-01-02 11:45:00,11.0,1.0,38.0,45.0,7.0,1,0,1
2024-01-02 12:00:00,12.0,1.0,37.756562303191046,45.0,9.0,1,0,1
2024-01-02 12:15:00,12.0,1.0,37.14860045822186,45.0,9.0,1,0,1
2024-01-02 12:30:00,12.0,1.0,36.99519667671951,45.0,8.0,1,0,1
2024-01-02 12:45:00,12.0,1.0,35.937042869492466,45.0,7.0,1,0,1
2024-01-02 13:00:00,13.0,1.0,38.0,45.0,10.0,1,0,1
2024-01-02 13:15:00,13.0,1.0,38.0,45.0,7.0,1,0,1
2024-01-02 13:30:00,13.0,1.0,38.0,45.0,9.0,1,0,1
2024-01-02 13:45:00,13.0,1.0,38.0,45.0,10.0,1,0,1
2024-01-02 14:00:00,14.0,1.0,38.0,45.0,7.0,1,0,1
2024-01-02 14:15:00,14.0,1.0,38.0,45.0,10.0,1,0,1
2024-01-02 14:30:00,14.0,1.0,35.8860727123203,45.0,9.0,1,0,1
2024-01-02 14:45:00,14.0,1.0,38.0,45.0,7.0,1,0,1
2024-01-02 15:00:00,15.0,1.0,38.0,45.0,10.0,1,0,1
2024-01-02 15:15:00,15.0,1.0,36.69423528720402,45.0,10.0,1,0,1
2024-01-02 15:30:00,15.0,1.0,38.0,45.0,10.0,1,0,1
2024-01-02 15:45:00,15.0,1.0,35.883253301332424,45.0,9.0,1,0,1
2024-01-02 16:00:00,16.0,1.0,38.0,45.0,6.0,1,0,1
2024-01-02 16:15:00,16.0,1.0,38.0,45.0,7.0,1,0,1
2024-01-02 16:30:00,16.0,1.0,37.386083770737926,45.0,8.0,1,0,1
2024-01-02 16:45:00,16.0,1.0,36.68627895730852,45.0,7.0,1,0,1
2024-01-02 17:00:00,17.0,1.0,34.93117088492953,42.5389155427054,0.0,1,0,0
2024-01-02 17:15:00,17.0,1.0,33.44501673016741,40.54167773749361,0.0,1,0,0
2024-01-02 17:30:00,17.0,1.0,33.87428327125922,38.31170116757302,0.0,1,0,0
2024-01-02 17:45:00,17.0,1.0,33.543883280302076,37.041098000189045,0.0,1,0,0
2024-01-02 18:00:00,18.0,1.0,34.202246733021354,35.283090555136226,0.0,1,0,0
2024-01-02 18:15:00,18.0,1.0,32.8898446603889,33.57925762535949,0.0,1,0,0
2024-01-02 18:30:00,18.0,1.0,32.70750631360003,32.11715469531882,0.0,1,0,0
2024-01-02 18:45:00,18.0,1.0,34.80163232816832,30.829176858390433,0.0,1,0,0
2024-01-02 19:00:00,19.0,1.0,34.09738462899254,29.430841152588545,0.0,1,0,0
2024-01-02 19:15:00,19.0,1.0,29.728188897760866,28.30852333263456,0.0,1,0,0
2024-01-02 19:30:00,19.0,1.0,31.79825017643845,27.405963090641418,0.0,1,0,0
2024-01-02 19:45:00,19.0,1.0,31.811670969593038,26.3822571531306,0.0,1,0,0
2024-01-02 20:00:00,20.0,1.0,31.771157584844733,25.341191277641446,0.0,1,0,0
2024-01-02 20:15:00,20.0,1.0,30.91584832849356,24.0904759631049,0.0,1,0,0
2024-01-02 20:30:00,20.0,1.0,32.92679622537279,23.713239474882215,0.0,1,0,0
2024-01-02 20:45:00,20.0,1.0,30.094161424116887,24.22369950868732,0.0,0,0,0
2024-01-02 21:00:00,21.0,1.0,29.49744090362419,24.291240065900176,0.0,0,0,0
2024-01-02 21:15:00,21.0,1.0,31.76053981352507,24.739076445320997,0.0,0,0,0
2024-01-02 21:30:00,21.0,1.0,31.561833207225952,24.839485500385607,0.0,0,0,0
2024-01-02 21:45:00,21.0,1.0,30.97132800582386,25.16605556115798,0.0,0,0,0
2024-01-02 22:00:00,22.0,1.0,28.831074428824195,25.36085050209317,0.0,0,0,0
2024-01-02 22:15:00,22.0,1.0,30.551676428181636,25.833472324376057,0.0,0,0,0
2024-01-02 22:30:00,22.0,1.0,29.203143626775873,26.302671956604595,0.0,0,0,0
2024-01-02 22:45:00,22.0,1.0,28.054614704829206,24.74606753446026,0.0,1,0,0
2024-01-02 23:00:00,23.0,1.0,28.0,23.41653952154853,0.0,1,0,0
2024-01-02 23:15:00,23.0,1.0,28.0,23.943662592108712,0.0,0,0,0
2024-01-02 23:30:00,23.0,1.0,29.92276985474659,24.417401348716584,0.0,0,0,0
2024-01-02 23:45:00,23.0,1.0,30.28045479941855,24.923362585886533,0.0,0,0,0
2024-01-03 00:00:00,0.0,2.0,29.00948804899683,25.121011281913177,0.0,0,0,0
2024-01-03 00:15:00,0.0,2.0,28.573184252619377,25.185952498435057,0.0,0,0,0
2024-01-03 00:30:00,0.0,2.0,28.0,25.31326539566665,0.0,0,0,0
2024-01-03 00:45:00,0.0,2.0,29.700740920911695,25.49924348224367,0.0,0,0,0
2024-01-03 01:00:00,1.0,2.0,28.0,25.72263765083334,0.0,0,0,0
2024-01-03 01:15:00,1.0,2.0,29.596710220690962,25.92758583252343,0.0,0,0,0
2024-01-03 01:30:00,1.0,2.0,28.223019054486624,26.021191234432344,0.0,0,0,0
2024-01-03 01:45:00,1.0,2.0,29.37443575439987,24.68864590475335,0.0,1,0,0
2024-01-03 02:00:00,2.0,2.0,31.56070422155316,23.750257040372826,0.0,1,0,0
2024-01-03 02:15:00,2.0,2.0,28.210487191617528,24.205095852958053,0.0,0,0,0
2024-01-03 02:30:00,2.0,2.0,30.680702715702502,24.75600271481543,0.0,0,0,0
2024-01-03 02:45:00,2.0,2.0,29.140415226241473,25.289161371521484,0.0,0,0,0
2024-01-03 03:00:00,3.0,2.0,30.677503032309396,25.49950719186047,0.0,0,0,0
2024-01-03 03:15:00,3.0,2.0,30.91284783576692,25.611305632992536,0.0,0,0,0
2024-01-03 03:30:00,3.0,2.0,30.57329082413295,26.110872853927482,0.0,0,0,0
2024-01-03 03:45:00,3.0,2.0,29.28100390102585,25.00036195881307,0.0,1,0,0
2024-01-03 04:00:00,4.0,2.0,32.31030085641799,24.099703793605396,0.0,1,0,0
2024-01-03 04:15:00,4.0,2.0,30.257108598972483,23.35711403506597,0.0,1,0,0
2024-01-03 04:30:00,4.0,2.0,29.739328842287723,24.084124254476233,0.0,0,0,0
2024-01-03 04:45:00,4.0,2.0,33.114535010068124,24.72094299082886,0.0,0,0,0
2024-01-03 05:00:00,5.0,2.0,34.8933122697719,25.499011748976933,0.0,0,0,0
2024-01-03 05:15:00,5.0,2.0,33.201477277700434,26.151301502949313,0.0,0,0,0
2024-01-03 05:30:00,5.0,2.0,31.826298888186532,24.725976418685786,0.0,1,0,0
2024-01-03 05:45:00,5.0,2.0,30.93042716696933,23.946464945453815,0.0,1,0,0
2024-01-03 06:00:00,6.0,2.0,32.95952203116891,24.62600865831274,0.0,0,0,0
2024-01-03 06:15:00,6.0,2.0,30.919708855390848,24.640103444075187,0.0,0,0,0
2024-01-03 06:30:00,6.0,2.0,35.44429678902613,25.58868243438918,0.0,0,0,0
2024-01-03 06:45:00,6.0,2.0,36.18162938587071,26.333057744280115,0.0,0,0,0
2024-01-03 07:00:00,7.0,2.0,34.771994659763976,25.430739283573114,0.0,1,0,0
2024-01-03 07:15:00,7.0,2.0,36.88015527891728,24.501954315997878,0.0,1,0,0
2024-01-03 07:30:00,7.0,2.0,32.632671710116604,23.987389351972613,0.0,1,0,0
2024-01-03 07:45:00,7.0,2.0,35.967679103407804,24.825618581015192,0.0,0,0,0
2024-01-03 08:00:00,8.0,2.0,38.0,26.04317927493037,0.0,0,0,0
2024-01-03 08:15:00,8.0,2.0,36.512902133072785,25.24444023735004,0.0,1,0,0
2024-01-03 08:30:00,8.0,2.0,37.5654473394202,24.896439754457106,0.0,1,0,0
2024-01-03 08:45:00,8.0,2.0,38.0,24.657770001555694,0.0,1,0,0
2024-01-03 09:00:00,9.0,2.0,33.68117325735377,25.375040368145847,3.0,1,0,1
2024-01-03 09:15:00,9.0,2.0,38.0,26.198143867199942,3.0,1,0,1
2024-01-03 09:30:00,9.0,2.0,37.27464821615349,27.55662814048601,4.0,1,0,1
2024-01-03 09:45:00,9.0,2.0,38.0,28.800140074534156,3.0,1,0,1
2024-01-03 10:00:00,10.0,2.0,38.0,31.58956493341592,7.0,1,0,1
2024-01-03 10:15:00,10.0,2.0,36.67358329695899,34.15267683361468,7.0,1,0,1
2024-01-03 10:30:00,10.0,2.0,35.64790657638834,37.15855589161832,8.0,1,0,1
2024-01-03 10:45:00,10.0,2.0,37.583618468047405,40.28306627600108,9.0,1,0,1
2024-01-03 11:00:00,11.0,2.0,38.0,43.72078344927441,10.0,1,0,1
2024-01-03 11:15:00,11.0,2.0,38.0,45.0,9.0,1,0,1
2024-01-03 11:30:00,11.0,2.0,38.0,45.0,10.0,1,0,1
2024-01-03 11:45:00,11.0,2.0,38.0,45.0,7.0,1,0,1
2024-01-03 12:00:00,12.0,2.0,38.0,45.0,10.0,1,0,1
2024-01-03 12:15:00,12.0,2.0,38.0,45.0,7.0,1,0,1
2024-01-03 12:30:00,12.0,2.0,38.0,45.0,9.0,1,0,1
2024-01-03 12:45:00,12.0,2.0,38.0,45.0,6.0,1,0,1
2024-01-03 13:00:00,13.0,2.0,38.0,45.0,6.0,1,0,1
2024-01-03 13:15:00,13.0,2.0,38.0,45.0,9.0,1,0,1
2024-01-03 13:30:00,13.0,2.0,38.0,45.0,8.0,1,0,1
2024-01-03 13:45:00,13.0,2.0,38.0,45.0,9.0,1,0,1
2024-01-03 14:00:00,14.0,2.0,38.0,45.0,6.0,1,0,1
2024-01-03 14:15:00,14.0,2.0,36.07931683293128,45.0,7.0,1,0,1
2024-01-03 14:30:00,14.0,2.0,35.63406336379576,45.0,6.0,1,0,1
2024-01-03 14:45:00,14.0,2.0,38.0,45.0,7.0,1,0,1
2024-01-03 15:00:00,15.0,2.0,37.16915450415416,45.0,7.0,1,0,1
2024-01-03 15:15:00,15.0,2.0,38.0,45.0,6.0,1,0,1
2024-01-03 15:30:00,15.0,2.0,38.0,45.0,10.0,1,0,1
2024-01-03 15:45:00,15.0,2.0,38.0,45.0,10.0,1,0,1
2024-01-03 16:00:00,16.0,2.0,35.22253622215498,45.0,8.0,1,0,1
2024-01-03 16:15:00,16.0,2.0,35.83894435864898,45.0,9.0,1,0,1
2024-01-03 16:30:00,16.0,2.0,34.398938597843845,45.0,10.0,1,0,1
2024-01-03 16:45:00,16.0,2.0,37.56627117264759,45.0,9.0,1,0,1
2024-01-03 17:00:00,17.0,2.0,33.62082259099946,42.89596659715046,0.0,1,0,0
2024-01-03 17:15:00,17.0,2.0,37.128640214206335,41.079576232625485,0.0,1,0,0
2024-01-03 17:30:00,17.0,2.0,36.37494218164286,39.211187935020554,0.0,1,0,0
2024-01-03 17:45:00,17.0,2.0,36.31038821926294,37.64305137614599,0.0,1,0,0
2024-01-03 18:00:00,18.0,2.0,36.282543080829726,36.253886609213545,0.0,1,0,0
2024-01-03 18:15:00,18.0,2.0,35.353927055119414,34.686384931461106,0.0,1,0,0
2024-01-03 18:30:00,18.0,2.0,33.573277697973204,33.360783416033414,0.0,1,0,0
2024-01-03 18:45:00,18.0,2.0,33.47556296258133,31.9862012765105,0.0,1,0,0
2024-01-03 19:00:00,19.0,2.0,31.612670948262746,30.585745192401774,0.0,1,0,0
2024-01-03 19:15:00,19.0,2.0,34.34160074240595,29.666165681262093,0.0,1,0,0
2024-01-03 19:30:00,19.0,2.0,36.33872322180285,28.472836423124555,0.0,1,0,0
2024-01-03 19:45:00,19.0,2.0,34.37478549728398,27.682259321676305,0.0,1,0,0
2024-01-03 20:00:00,20.0,2.0,29.804791495154905,26.321306586933222,0.0,1,0,0
2024-01-03 20:15:00,20.0,2.0,32.480669037196435,25.36935452416536,0.0,1,0,0
2024-01-03 20:30:00,20.0,2.0,30.437065615846738,24.77844824181924,0.0,1,0,0
2024-01-03 20:45:00,20.0,2.0,30.666406867566984,23.74585600497249,0.0,1,0,0
2024-01-03 21:00:00,21.0,2.0,29.82425098310966,24.27831522275708,0.0,0,0,0
2024-01-03 21:15:00,21.0,2.0,32.32605175597997,24.651087663050028,0.0,0,0,0
2024-01-03 21:30:00,21.0,2.0,30.02546965874688,24.867564549392355,0.0,0,0,0
2024-01-03 21:45:00,21.0,2.0,28.78423367274596,25.05008696838739,0.0,0,0,0
2024-01-03 22:00:00,22.0,2.0,28.46553892351187,25.041699599689125,0.0,0,0,0
2024-01-03 22:15:00,22.0,2.0,29.970629870270074,25.66624525080417,0.0,0,0,0
2024-01-03 22:30:00,22.0,2.0,29.15913838735939,25.62599892998096,0.0,0,0,0
2024-01-03 22:45:00,22.0,2.0,28.0,25.87338016764865,0.0,0,0,0
2024-01-03 23:00:00,23.0,2.0,29.550915766298107,25.97017135690104,0.0,0,0,0
2024-01-03 23:15:00,23.0,2.0,29.311144366760796,25.8780570208861,0.0,0,0,0
2024-01-03 23:30:00,23.0,2.0,28.917983468848586,26.25450261077089,0.0,0,0,0
2024-01-03 23:45:00,23.0,2.0,30.025546189737234,25.132020820230203,0.0,1,0,0
2024-01-04 00:00:00,0.0,3.0,28.007981615648383,24.103060253571137,0.0,1,0,0
2024-01-04 00:15:00,0.0,3.0,28.229040528845342,23.440782965814552,0.0,1,0,0
2024-01-04 00:30:00,0.0,3.0,29.287818199060563,23.83487975136142,0.0,0,0,0
2024-01-04 00:45:00,0.0,3.0,29.16538222566573,24.347146276309537,0.0,0,0,0
2024-01-04 01:00:00,1.0,3.0,29.1244164862792,24.474691760635388,0.0,0,0,0
2024-01-04 01:15:00,1.0,3.0,30.00199253313057,24.992359448684173,0.0,0,0,0
2024-01-04 01:30:00,1.0,3.0,29.373085280890997,25.077741146872395,0.0,0,0,0
2024-01-04 01:45:00,1.0,3.0,28.0,25.65846746124806,0.0,0,0,0
2024-01-04 02:00:00,2.0,3.0,29.69270305316613,25.709877435348414,0.0,0,0,0
2024-01-04 02:15:00,2.0,3.0,28.0,25.588481493547825,0.0,0,0,0
2024-01-04 02:30:00,2.0,3.0,28.04094057859108,26.108501177802875,0.0,0,0,0
2024-01-04 02:45:00,2.0,3.0,31.67251024563809,25.446358949431804,0.0,1,0,0
2024-01-04 03:00:00,3.0,3.0,30.272009714006128,24.380970771975246,0.0,1,0,0
2024-01-04 03:15:00,3.0,3.0,31.05291595937977,23.31688398012241,0.0,1,0,0
2024-01-04 03:30:00,3.0,3.0,31.862297351543567,23.696731112524688,0.0,0,0,0
2024-01-04 03:45:00,3.0,3.0,31.580143407553432,24.168665517868437,0.0,0,0,0
2024-01-04 04:00:00,4.0,3.0,33.54764294740081,24.625167313611986,0.0,0,0,0
2024-01-04 04:15:00,4.0,3.0,33.010536404482394,25.401619379084387,0.0,0,0,0
2024-01-04 04:30:00,4.0,3.0,31.685967047468434,25.522034092382583,0.0,0,0,0
2024-01-04 04:45:00,4.0,3.0,30.389087236419904,25.855953365921078,0.0,0,0,0
2024-01-04 05:00:00,5.0,3.0,34.89924759894926,26.76191010205681,0.0,0,0,0
2024-01-04 05:15:00,5.0,3.0,32.56426964625179,26.037074921757306,0.0,1,0,0
2024-01-04 05:30:00,5.0,3.0,34.414741100488406,25.361873952538946,0.0,1,0,0
2024-01-04 05:45:00,5.0,3.0,31.381250570993178,24.085339683960417,0.0,1,0,0
2024-01-04 06:00:00,6.0,3.0,34.19388311488874,23.311530082993098,0.0,1,0,0
2024-01-04 06:15:00,6.0,3.0,35.05209712370965,24.16794148625669,0.0,0,0,0
2024-01-04 06:30:00,6.0,3.0,35.12595161624688,25.003152376782097,0.0,0,0,0
2024-01-04 06:45:00,6.0,3.0,33.11053087791905,25.44279616869921,0.0,0,0,0
2024-01-04 07:00:00,7.0,3.0,37.07789358537119,26.350105181564974,0.0,0,0,0
2024-01-04 07:15:00,7.0,3.0,33.722156545973526,25.640711550591746,0.0,1,0,0
2024-01-04 07:30:00,7.0,3.0,33.28186186429797,24.730705417331887,0.0,1,0,0
2024-01-04 07:45:00,7.0,3.0,37.472468628520325,24.272173251329615,0.0,1,0,0
2024-01-04 08:00:00,8.0,3.0,36.7428216627728,23.653760343101883,0.0,1,0,0
2024-01-04 08:15:00,8.0,3.0,38.0,24.674449820459984,0.0,0,0,0
2024-01-04 08:30:00,8.0,3.0,36.54319204417041,25.46492312274155,0.0,0,0,0
2024-01-04 08:45:00,8.0,3.0,37.87521633430721,26.418192638464568,0.0,0,0,0
2024-01-04 09:00:00,9.0,3.0,36.20756398483327,28.89032795903833,6.0,1,0,1
2024-01-04 09:15:00,9.0,3.0,37.693853707568,28.965829923400705,2.0,1,0,1
2024-01-04 09:30:00,9.0,3.0,38.0,31.081926516574573,5.0,1,0,1
2024-01-04 09:45:00,9.0,3.0,36.59331010271301,32.24915588013844,5.0,1,0,1
2024-01-04 10:00:00,10.0,3.0,36.02816794648901,35.56688655861669,9.0,1,0,1
2024-01-04 10:15:00,10.0,3.0,36.93233394883288,38.74669100241877,9.0,1,0,1
2024-01-04 10:30:00,10.0,3.0,38.0,40.85763747954951,7.0,1,0,1
2024-01-04 10:45:00,10.0,3.0,38.0,43.63459278118248,9.0,1,0,1
2024-01-04 11:00:00,11.0,3.0,38.0,44.99368492593598,6.0,1,0,1
2024-01-04 11:15:00,11.0,3.0,38.0,45.0,10.0,1,0,1
2024-01-04 11:30:00,11.0,3.0,37.29306440752632,45.0,8.0,1,0,1
2024-01-04 11:45:00,11.0,3.0,38.0,45.0,6.0,1,0,1
2024-01-04 12:00:00,12.0,3.0,38.0,45.0,8.0,1,0,1
2024-01-04 12:15:00,12.0,3.0,38.0,45.0,10.0,1,0,1
2024-01-04 12:30:00,12.0,3.0,38.0,45.0,7.0,1,0,1
2024-01-04 12:45:00,12.0,3.0,38.0,45.0,6.0,1,0,1
2024-01-04 13:00:00,13.0,3.0,38.0,45.0,8.0,1,0,1
2024-01-04 13:15:00,13.0,3.0,38.0,45.0,6.0,1,0,1
2024-01-04 13:30:00,13.0,3.0,38.0,45.0,10.0,1,0,1
2024-01-04 13:45:00,13.0,3.0,38.0,45.0,7.0,1,0,1
2024-01-04 14:00:00,14.0,3.0,38.0,45.0,7.0,1,0,1
2024-01-04 14:15:00,14.0,3.0,38.0,45.0,8.0,1,0,1
2024-01-04 14:30:00,14.0,3.0,36.55753057934586,45.0,8.0,1,0,1
2024-01-04 14:45:00,14.0,3.0,38.0,45.0,8.0,1,0,1
2024-01-04 15:00:00,15.0,3.0,38.0,45.0,10.0,1,0,1
2024-01-04 15:15:00,15.0,3.0,38.0,45.0,8.0,1,0,1
2024-01-04 15:30:00,15.0,3.0,37.14472652229285,45.0,10.0,1,0,1
2024-01-04 15:45:00,15.0,3.0,38.0,45.0,9.0,1,0,1
2024-01-04 16:00:00,16.0,3.0,37.69108137404014,45.0,9.0,1,0,1
2024-01-04 16:15:00,16.0,3.0,33.86714310400916,45.0,7.0,1,0,1
2024-01-04 16:30:00,16.0,3.0,36.021343490088945,45.0,9.0,1,0,1
2024-01-04 16:45:00,16.0,3.0,38.0,45.0,9.0,1,0,1
2024-01-04 17:00:00,17.0,3.0,33.12987286635975,42.5863514403805,0.0,1,0,0
2024-01-04 17:15:00,17.0,3.0,35.56489175080613,40.408214626978236,0.0,1,0,0
2024-01-04 17:30:00,17.0,3.0,38.0,38.942154544740525,0.0,1,0,0
2024-01-04 17:45:00,17.0,3.0,35.95079718607201,37.234286703023436,0.0,1,0,0
2024-01-04 18:00:00,18.0,3.0,35.21427759483517,35.70293052872381,0.0,1,0,0
2024-01-04 18:15:00,18.0,3.0,36.70759316751328,34.47730661981585,0.0,1,0,0
2024-01-04 18:30:00,18.0,3.0,34.65638761647546,32.88789654479803,0.0,1,0,0
2024-01-04 18:45:00,18.0,3.0,35.04603172322449,31.912921515032863,0.0,1,0,0
2024-01-04 19:00:00,19.0,3.0,32.11389370104324,30.6216401383966,0.0,1,0,0
2024-01-04 19:15:00,19.0,3.0,31.805895737971554,28.827404619743472,0.0,1,0,0
2024-01-04 19:30:00,19.0,3.0,31.34255583806911,27.608767799140807,0.0,1,0,0
2024-01-04 19:45:00,19.0,3.0,31.767789740253676,26.392484682483335,0.0,1,0,0
2024-01-04 20:00:00,20.0,3.0,32.16942765751713,25.436039894778066,0.0,1,0,0
2024-01-04 20:15:00,20.0,3.0,30.847236422197863,24.235888594777094,0.0,1,0,0
2024-01-04 20:30:00,20.0,3.0,33.77931597212894,24.051645648078484,0.0,1,0,0
2024-01-04 20:45:00,20.0,3.0,29.376261099005355,22.948327337696888,0.0,1,0,0
2024-01-04 21:00:00,21.0,3.0,31.13809737031688,23.518722808805727,0.0,0,0,0
2024-01-04 21:15:00,21.0,3.0,30.56446110991938,24.019614320668627,0.0,0,0,0
2024-01-04 21:30:00,21.0,3.0,28.0,24.431102453697406,0.0,0,0,0
2024-01-04 21:45:00,21.0,3.0,28.0,24.766503910337367,0.0,0,0,0
2024-01-04 22:00:00,22.0,3.0,30.05339813506679,25.49441579801871,0.0,0,0,0
2024-01-04 22:15:00,22.0,3.0,29.5664979024667,25.85168364524112,0.0,0,0,0
2024-01-04 22:30:00,22.0,3.0,31.009650545348364,25.9166771856432,0.0,0,0,0
2024-01-04 22:45:00,22.0,3.0,30.63145287517686,26.230693114077607,0.0,0,0,0
2024-01-04 23:00:00,23.0,3.0,29.476991633976326,25.01417138797547,0.0,1,0,0
2024-01-04 23:15:00,23.0,3.0,29.901204606282455,24.06185432697903,0.0,1,0,0
2024-01-04 23:30:00,23.0,3.0,28.553334511793285,23.21220425138661,0.0,1,0,0
2024-01-04 23:45:00,23.0,3.0,32.16295562153765,24.083049167629436,0.0,0,0,0
2024-01-05 00:00:00,0.0,4.0,29.546225214350244,24.180658638251842,0.0,0,0,0
2024-01-05 00:15:00,0.0,4.0,30.000203626986472,24.17403511885623,0.0,0,0,0
2024-01-05 00:30:00,0.0,4.0,28.0,24.552899267542678,0.0,0,0,0
2024-01-05 00:45:00,0.0,4.0,29.914829232218317,25.17781434090065,0.0,0,0,0
2024-01-05 01:00:00,1.0,4.0,29.6276468967757,25.31602117988791,0.0,0,0,0
2024-01-05 01:15:00,1.0,4.0,28.366917747105838,25.497078961283055,0.0,0,0,0
2024-01-05 01:30:00,1.0,4.0,30.55351098938341,26.010054783703048,0.0,0,0,0
2024-01-05 01:45:00,1.0,4.0,29.627434055177947,25.225542570561576,0.0,1,0,0
2024-01-05 02:00:00,2.0,4.0,28.0,23.887884266064177,0.0,1,0,0
2024-01-05 02:15:00,2.0,4.0,28.0,24.433629038301824,0.0,0,0,0
2024-01-05 02:30:00,2.0,4.0,31.364719994779186,25.083405721395245,0.0,0,0,0
2024-01-05 02:45:00,2.0,4.0,28.33083366083157,25.594493226803298,0.0,0,0,0
2024-01-05 03:00:00,3.0,4.0,29.712492544522714,26.06032808066806,0.0,0,0,0
2024-01-05 03:15:00,3.0,4.0,31.435453657850235,24.936095383242968,0.0,1,0,0
2024-01-05 03:30:00,3.0,4.0,29.816901886641382,23.539739735856713,0.0,1,0,0
2024-01-05 03:45:00,3.0,4.0,29.930127136355086,23.94768596944556,0.0,0,0,0
2024-01-05 04:00:00,4.0,4.0,28.06198055631544,24.213010723952294,0.0,0,0,0
2024-01-05 04:15:00,4.0,4.0,29.747412505576495,24.28815074544999,0.0,0,0,0
2024-01-05 04:30:00,4.0,4.0,33.07975241180361,24.4681305863849,0.0,0,0,0
2024-01-05 04:45:00,4.0,4.0,30.693205968366186,24.714822352788595,0.0,0,0,0
2024-01-05 05:00:00,5.0,4.0,33.25527670538383,25.47995592244382,0.0,0,0,0
2024-01-05 05:15:00,5.0,4.0,31.699292864773575,25.84166110178898,0.0,0,0,0
2024-01-05 05:30:00,5.0,4.0,31.381544710031037,26.071949418461426,0.0,0,0,0
2024-01-05 05:45:00,5.0,4.0,33.95894402882923,25.222754623793588,0.0,1,0,0
2024-01-05 06:00:00,6.0,4.0,36.14441920455303,24.546152317117397,0.0,1,0,0
2024-01-05 06:15:00,6.0,4.0,34.27901957337241,23.91999510651858,0.0,1,0,0
2024-01-05 06:30:00,6.0,4.0,35.84240514229733,24.951708716842624,0.0,0,0,0
2024-01-05 06:45:00,6.0,4.0,35.953339642416715,25.84678796029387,0.0,0,0,0
2024-01-05 07:00:00,7.0,4.0,35.31896751266788,26.300695917150723,0.0,0,0,0
2024-01-05 07:15:00,7.0,4.0,35.0824192828831,25.216481409572776,0.0,1,0,0
2024-01-05 07:30:00,7.0,4.0,35.595213382381196,24.71862191180164,0.0,1,0,0
2024-01-05 07:45:00,7.0,4.0,34.07951429462506,23.75300029934744,0.0,1,0,0
2024-01-05 08:00:00,8.0,4.0,36.495993615650114,24.911351097137214,0.0,0,0,0
2024-01-05 08:15:00,8.0,4.0,37.67196967006216,25.855996014211247,0.0,0,0,0
2024-01-05 08:30:00,8.0,4.0,36.43929589259274,26.65295712035427,0.0,0,0,0
2024-01-05 08:45:00,8.0,4.0,34.14378533093084,25.47664937411938,0.0,1,0,0
2024-01-05 09:00:00,9.0,4.0,35.86437456756714,26.552006717883536,3.0,1,0,1
2024-01-05 09:15:00,9.0,4.0,37.02901986182761,26.986344754463378,2.0,1,0,1
2024-01-05 09:30:00,9.0,4.0,36.31391906476776,28.60510323238112,5.0,1,0,1
2024-01-05 09:45:00,9.0,4.0,38.0,28.778054284594596,2.0,1,0,1
2024-01-05 10:00:00,10.0,4.0,38.0,31.325327570723722,6.0,1,0,1
2024-01-05 10:15:00,10.0,4.0,38.0,33.313083894001444,6.0,1,0,1
2024-01-05 10:30:00,10.0,4.0,36.916238547479985,37.157465819037704,10.0,1,0,1
2024-01-05 10:45:00,10.0,4.0,36.99004651025074,39.371416010767604,7.0,1,0,1
2024-01-05 11:00:00,11.0,4.0,37.652905137440264,42.75075994118419,10.0,1,0,1
2024-01-05 11:15:00,11.0,4.0,38.0,43.968820444244265,6.0,1,0,1
2024-01-05 11:30:00,11.0,4.0,38.0,45.0,10.0,1,0,1
2024-01-05 11:45:00,11.0,4.0,38.0,45.0,10.0,1,0,1
2024-01-05 12:00:00,12.0,4.0,38.0,45.0,9.0,1,0,1
2024-01-05 12:15:00,12.0,4.0,38.0,45.0,6.0,1,0,1
2024-01-05 12:30:00,12.0,4.0,38.0,45.0,7.0,1,0,1
2024-01-05 12:45:00,12.0,4.0,38.0,45.0,6.0,1,0,1
2024-01-05 13:00:00,13.0,4.0,38.0,45.0,6.0,1,0,1
2024-01-05 13:15:00,13.0,4.0,38.0,45.0,7.0,1,0,1
2024-01-05 13:30:00,13.0,4.0,38.0,45.0,9.0,1,0,1
2024-01-05 13:45:00,13.0,4.0,37.72305993274044,45.0,6.0,1,0,1
2024-01-05 14:00:00,14.0,4.0,37.01925165425358,45.0,6.0,1,0,1
2024-01-05 14:15:00,14.0,4.0,38.0,45.0,10.0,1,0,1
2024-01-05 14:30:00,14.0,4.0,38.0,45.0,8.0,1,0,1
2024-01-05 14:45:00,14.0,4.0,38.0,45.0,9.0,1,0,1
2024-01-05 15:00:00,15.0,4.0,36.27423915311034,45.0,7.0,1,0,1
2024-01-05 15:15:00,15.0,4.0,38.0,45.0,8.0,1,0,1
2024-01-05 15:30:00,15.0,4.0,38.0,45.0,9.0,1,0,1
2024-01-05 15:45:00,15.0,4.0,35.19422018677716,45.0,6.0,1,0,1
2024-01-05 16:00:00,16.0,4.0,34.3455457003111,45.0,8.0,1,0,1
2024-01-05 16:15:00,16.0,4.0,34.551569881361274,45.0,8.0,1,0,1
2024-01-05 16:30:00,16.0,4.0,35.23373087926682,45.0,9.0,1,0,1
2024-01-05 16:45:00,16.0,4.0,35.00396233852898,45.0,7.0,1,0,1
2024-01-05 17:00:00,17.0,4.0,35.61000125938051,43.01989985659891,0.0,1,0,0
2024-01-05 17:15:00,17.0,4.0,32.54926247710539,40.69286087572518,0.0,1,0,0
2024-01-05 17:30:00,17.0,4.0,33.158016738548866,38.95091951704339,0.0,1,0,0
2024-01-05 17:45:00,17.0,4.0,36.63514982731,37.27916849014752,0.0,1,0,0
2024-01-05 18:00:00,18.0,4.0,31.503581548256125,35.35934001426396,0.0,1,0,0
2024-01-05 18:15:00,18.0,4.0,36.35381028871499,34.25535224694816,0.0,1,0,0
2024-01-05 18:30:00,18.0,4.0,32.03124861424074,32.73504600897951,0.0,1,0,0
2024-01-05 18:45:00,18.0,4.0,34.63297683969516,31.65371134399342,0.0,1,0,0
2024-01-05 19:00:00,19.0,4.0,32.45816764108706,30.376676165640788,0.0,1,0,0
2024-01-05 19:15:00,19.0,4.0,32.79503646623061,29.106177168488028,0.0,1,0,0
2024-01-05 19:30:00,19.0,4.0,33.25646392125314,27.870318069507256,0.0,1,0,0
2024-01-05 19:45:00,19.0,4.0,31.114041354822646,26.340674554418207,0.0,1,0,0
2024-01-05 20:00:00,20.0,4.0,30.762210509348275,25.334559832934733,0.0,1,0,0
2024-01-05 20:15:00,20.0,4.0,32.169238927567456,24.416587078824623,0.0,1,0,0
2024-01-05 20:30:00,20.0,4.0,31.715996812486278,23.507383841138928,0.0,1,0,0
2024-01-05 20:45:00,20.0,4.0,33.64113184829622,24.367230979333698,0.0,0,0,0
2024-01-05 21:00:00,21.0,4.0,33.088147336957775,25.068293394396786,0.0,0,0,0
2024-01-05 21:15:00,21.0,4.0,31.217893740334326,25.385108330583407,0.0,0,0,0
2024-01-05 21:30:00,21.0,4.0,30.926638624100754,25.8221319926351,0.0,0,0,0
2024-01-05 21:45:00,21.0,4.0,31.2336626472452,26.32580787685522,0.0,0,0,0
2024-01-05 22:00:00,22.0,4.0,31.629391206893036,25.459397973145165,0.0,1,0,0
2024-01-05 22:15:00,22.0,4.0,30.985874045688046,24.58677943285092,0.0,1,0,0
2024-01-05 22:30:00,22.0,4.0,29.08362862497753,23.62214436460777,0.0,1,0,0
2024-01-05 22:45:00,22.0,4.0,29.58942976710054,23.88560205747884,0.0,0,0,0
2024-01-05 23:00:00,23.0,4.0,29.402262417017266,24.331672034441564,0.0,0,0,0
2024-01-05 23:15:00,23.0,4.0,29.296326018709944,25.093857122556294,0.0,0,0,0
2024-01-05 23:30:00,23.0,4.0,28.42312734526636,25.1000418271122,0.0,0,0,0
2024-01-05 23:45:00,23.0,4.0,29.623908499047758,25.571111427370422,0.0,0,0,0
2024-01-06 00:00:00,0.0,5.0,31.060375412503436,25.881324431581444,0.0,0,1,0
2024-01-06 00:15:00,0.0,5.0,30.124775309064244,26.25934226348195,0.0,0,1,0
2024-01-06 00:30:00,0.0,5.0,32.98812347191402,25.302809521071506,0.0,1,1,0
2024-01-06 00:45:00,0.0,5.0,30.921123908159114,24.43315568205004,0.0,1,1,0
2024-01-06 01:00:00,1.0,5.0,33.37276897154797,23.481860152724586,0.0,1,1,0
2024-01-06 01:15:00,1.0,5.0,28.0,23.772630308018485,0.0,0,1,0
2024-01-06 01:30:00,1.0,5.0,33.20247895890539,24.39583353608268,0.0,0,1,0
2024-01-06 01:45:00,1.0,5.0,33.09711269249132,25.109992686661247,0.0,0,1,0
2024-01-06 02:00:00,2.0,5.0,30.69887211178184,25.37080222932083,0.0,0,1,0
2024-01-06 02:15:00,2.0,5.0,32.60698759224588,26.306637652935258,0.0,0,1,0
2024-01-06 02:30:00,2.0,5.0,29.88080169870119,25.11849123940696,0.0,1,1,0
2024-01-06 02:45:00,2.0,5.0,31.626416655585842,24.502671236250823,0.0,1,1,0
2024-01-06 03:00:00,3.0,5.0,29.399364237059245,23.671298127735444,0.0,1,1,0
2024-01-06 03:15:00,3.0,5.0,30.100098251508825,24.34529315626262,0.0,0,1,0
2024-01-06 03:30:00,3.0,5.0,30.56007658217717,24.590795840158915,0.0,0,1,0
2024-01-06 03:45:00,3.0,5.0,32.81403018108881,25.429044334234614,0.0,0,1,0
2024-01-06 04:00:00,4.0,5.0,32.09400383142016,26.122370484602587,0.0,0,1,0
2024-01-06 04:15:00,4.0,5.0,31.271894443184117,25.13873320425772,0.0,1,1,0
2024-01-06 04:30:00,4.0,5.0,30.951923862078743,24.118282826171622,0.0,1,1,0
2024-01-06 04:45:00,4.0,5.0,32.26192653307632,23.388317684569753,0.0,1,1,0
2024-01-06 05:00:00,5.0,5.0,34.35019245018121,24.356854435740214,0.0,0,1,0
2024-01-06 05:15:00,5.0,5.0,32.03782841720434,24.570071614293425,0.0,0,1,0
2024-01-06 05:30:00,5.0,5.0,33.734027060657496,25.382026135288974,0.0,0,1,0
2024-01-06 05:45:00,5.0,5.0,32.42466892282401,26.256171259105933,0.0,0,1,0
2024-01-06 06:00:00,6.0,5.0,38.0,25.437446179727573,0.0,1,1,0
2024-01-06 06:15:00,6.0,5.0,36.50840286812343,24.47150782156122,0.0,1,1,0
2024-01-06 06:30:00,6.0,5.0,33.238499790857915,23.710562917469424,0.0,1,1,0
2024-01-06 06:45:00,6.0,5.0,36.0340664138044,24.534713879701382,0.0,0,1,0
2024-01-06 07:00:00,7.0,5.0,36.961338463036746,25.378563663131786,0.0,0,1,0
2024-01-06 07:15:00,7.0,5.0,36.63821384166185,26.33200937979569,0.0,0,1,0
2024-01-06 07:30:00,7.0,5.0,35.393610453722836,25.733662269817234,0.0,1,1,0
2024-01-06 07:45:00,7.0,5.0,34.19854402455082,25.20846270687802,0.0,1,1,0
2024-01-06 08:00:00,8.0,5.0,36.82798129518141,24.944328441700318,0.0,1,1,0
2024-01-06 08:15:00,8.0,5.0,36.230705362750655,24.434692264907362,0.0,1,1,0
2024-01-06 08:30:00,8.0,5.0,37.43558939622119,23.614949973729395,0.0,1,1,0
2024-01-06 08:45:00,8.0,5.0,37.09566142480329,25.001900354081606,0.0,0,1,0
2024-01-06 09:00:00,9.0,5.0,38.0,25.980038927520724,0.0,0,1,1
2024-01-06 09:15:00,9.0,5.0,38.0,26.617648095888562,0.0,0,1,1
2024-01-06 09:30:00,9.0,5.0,36.345368777857274,26.093470084921485,0.0,1,1,1
2024-01-06 09:45:00,9.0,5.0,38.0,25.351462100026087,0.0,1,1,1
2024-01-06 10:00:00,10.0,5.0,38.0,24.71882181230572,0.0,1,1,1
2024-01-06 10:15:00,10.0,5.0,38.0,25.16400199902822,2.0,1,1,1
2024-01-06 10:30:00,10.0,5.0,37.90975991558468,25.50538867381158,2.0,1,1,1
2024-01-06 10:45:00,10.0,5.0,37.43168994447407,26.204506660276547,2.0,1,1,1
2024-01-06 11:00:00,11.0,5.0,36.947806610172464,25.593272959677552,0.0,1,1,1
2024-01-06 11:15:00,11.0,5.0,38.0,25.683994766609523,1.0,1,1,1
2024-01-06 11:30:00,11.0,5.0,38.0,25.21344252854782,0.0,1,1,1
2024-01-06 11:45:00,11.0,5.0,38.0,25.20149096644453,1.0,1,1,1
2024-01-06 12:00:00,12.0,5.0,36.95766944824211,25.0284964985446,1.0,1,1,1
2024-01-06 12:15:00,12.0,5.0,38.0,25.468658749051944,2.0,1,1,1
2024-01-06 12:30:00,12.0,5.0,38.0,25.81940632161131,2.0,1,1,1
2024-01-06 12:45:00,12.0,5.0,38.0,25.563857726190697,1.0,1,1,1
2024-01-06 13:00:00,13.0,5.0,38.0,25.966486600409507,1.0,1,1,1
2024-01-06 13:15:00,13.0,5.0,38.0,25.305209695212984,0.0,1,1,1
2024-01-06 13:30:00,13.0,5.0,38.0,25.915169898503738,2.0,1,1,1
2024-01-06 13:45:00,13.0,5.0,37.740527058804304,25.361746072049147,0.0,1,1,1
2024-01-06 14:00:00,14.0,5.0,38.0,25.51649618737792,1.0,1,1,1
2024-01-06 14:15:00,14.0,5.0,38.0,25.587711204396143,1.0,1,1,1
2024-01-06 14:30:00,14.0,5.0,38.0,26.075609797280823,2.0,1,1,1
2024-01-06 14:45:00,14.0,5.0,38.0,26.62713696121117,2.0,1,1,1
2024-01-06 15:00:00,15.0,5.0,38.0,25.75108266638666,0.0,1,1,1
2024-01-06 15:15:00,15.0,5.0,38.0,25.5581693191611,0.0,1,1,1
2024-01-06 15:30:00,15.0,5.0,38.0,25.448665795355613,0.0,1,1,1
2024-01-06 15:45:00,15.0,5.0,38.0,25.410241008253667,0.0,1,1,1
2024-01-06 16:00:00,16.0,5.0,37.82963714258023,25.08258236961829,0.0,1,1,1
2024-01-06 16:15:00,16.0,5.0,37.824458039810985,24.861735709470466,0.0,1,1,1
2024-01-06 16:30:00,16.0,5.0,38.0,24.768301637865825,0.0,1,1,1
2024-01-06 16:45:00,16.0,5.0,37.774138087835155,24.487530248736146,0.0,1,1,1
2024-01-06 17:00:00,17.0,5.0,36.98497117095578,24.316429277862454,0.0,1,1,0
2024-01-06 17:15:00,17.0,5.0,37.99329429149259,24.001884605290478,0.0,1,1,0
2024-01-06 17:30:00,17.0,5.0,37.01199806915542,23.50867834354726,0.0,1,1,0
2024-01-06 17:45:00,17.0,5.0,36.16686909146395,24.419934373568125,0.0,0,1,0
2024-01-06 18:00:00,18.0,5.0,36.1815316315976,25.37911076558621,0.0,0,1,0
2024-01-06 18:15:00,18.0,5.0,32.804214718168495,25.640993173702647,0.0,0,1,0
2024-01-06 18:30:00,18.0,5.0,34.54465878852847,26.399338865792124,0.0,0,1,0
2024-01-06 18:45:00,18.0,5.0,34.5779338841918,25.56322591185593,0.0,1,1,0
2024-01-06 19:00:00,19.0,5.0,33.974051403716274,24.899772263199413,0.0,1,1,0
2024-01-06 19:15:00,19.0,5.0,34.533116329377066,24.189294084751676,0.0,1,1,0
2024-01-06 19:30:00,19.0,5.0,33.856200275380374,23.87308781744865,0.0,1,1,0
2024-01-06 19:45:00,19.0,5.0,35.43616599765151,24.883634119903668,0.0,0,1,0
2024-01-06 20:00:00,20.0,5.0,33.439900516456305,25.340522125395445,0.0,0,1,0
2024-01-06 20:15:00,20.0,5.0,32.67613218372007,25.741949576964295,0.0,0,1,0
2024-01-06 20:30:00,20.0,5.0,34.13201573212555,26.21605413784518,0.0,0,1,0
2024-01-06 20:45:00,20.0,5.0,32.80398037148652,25.52659039305644,0.0,1,1,0
2024-01-06 21:00:00,21.0,5.0,29.891756482016163,24.57464583422166,0.0,1,1,0
2024-01-06 21:15:00,21.0,5.0,28.0,23.450622108637116,0.0,1,1,0
2024-01-06 21:30:00,21.0,5.0,30.800100080106127,24.10822544931512,0.0,0,1,0
2024-01-06 21:45:00,21.0,5.0,32.18241649411437,25.058412037118796,0.0,0,1,0
2024-01-06 22:00:00,22.0,5.0,29.014867297956144,25.17593011935207,0.0,0,1,0
2024-01-06 22:15:00,22.0,5.0,30.75913247993258,25.460145856127326,0.0,0,1,0
2024-01-06 22:30:00,22.0,5.0,29.9723049814847,25.6050633772469,0.0,0,1,0
2024-01-06 22:45:00,22.0,5.0,32.39399730747052,26.081100214048554,0.0,0,1,0
2024-01-06 23:00:00,23.0,5.0,32.17500405546429,25.394421436105123,0.0,1,1,0
2024-01-06 23:15:00,23.0,5.0,30.094923062497042,24.82442413783403,0.0,1,1,0
2024-01-06 23:30:00,23.0,5.0,28.0,23.735134755395944,0.0,1,1,0
2024-01-06 23:45:00,23.0,5.0,30.155873677497105,23.85755225140975,0.0,0,1,0
2024-01-07 00:00:00,0.0,6.0,28.0,24.155377953441242,0.0,0,1,0
2024-01-07 00:15:00,0.0,6.0,32.79724548922479,24.651193441547825,0.0,0,1,0
2024-01-07 00:30:00,0.0,6.0,28.0,24.779775104294487,0.0,0,1,0
2024-01-07 00:45:00,0.0,6.0,28.0,24.8032041117223,0.0,0,1,0
2024-01-07 01:00:00,1.0,6.0,28.466435528732823,24.998026754831805,0.0,0,1,0
2024-01-07 01:15:00,1.0,6.0,30.487475556485304,25.48840879943868,0.0,0,1,0
2024-01-07 01:30:00,1.0,6.0,32.78329973386489,26.010000572994883,0.0,0,1,0
2024-01-07 01:45:00,1.0,6.0,28.815222219696356,25.19867346576934,0.0,1,1,0
2024-01-07 02:00:00,2.0,6.0,30.22090892786912,24.129861647479228,0.0,1,1,0
2024-01-07 02:15:00,2.0,6.0,30.004801285318838,23.51339597688944,0.0,1,1,0
2024-01-07 02:30:00,2.0,6.0,30.878423706978744,24.3581554652336,0.0,0,1,0
2024-01-07 02:45:00,2.0,6.0,29.908143880875716,24.817052966154368,0.0,0,1,0
2024-01-07 03:00:00,3.0,6.0,34.6979157862158,25.419045589571954,0.0,0,1,0
2024-01-07 03:15:00,3.0,6.0,31.520775900843418,25.98621079382034,0.0,0,1,0
2024-01-07 03:30:00,3.0,6.0,30.870597168137184,26.186653641062843,0.0,0,1,0
2024-01-07 03:45:00,3.0,6.0,32.50554120275083,25.46367140177242,0.0,1,1,0
2024-01-07 04:00:00,4.0,6.0,33.638677828260015,24.890253026768622,0.0,1,1,0
2024-01-07 04:15:00,4.0,6.0,31.26943494448689,24.035296614955147,0.0,1,1,0
2024-01-07 04:30:00,4.0,6.0,30.961919302036147,23.09816624962816,0.0,1,1,0
2024-01-07 04:45:00,4.0,6.0,34.00985822106398,23.77382311633703,0.0,0,1,0
2024-01-07 05:00:00,5.0,6.0,32.44291122685503,24.58620893990801,0.0,0,1,0
2024-01-07 05:15:00,5.0,6.0,32.80513409768558,25.318976478612363,0.0,0,1,0
2024-01-07 05:30:00,5.0,6.0,31.39820596386858,25.819259180301284,0.0,0,1,0
2024-01-07 05:45:00,5.0,6.0,35.11214566443439,26.227612546818737,0.0,0,1,0
2024-01-07 06:00:00,6.0,6.0,33.11500286628093,25.788025817844368,0.0,1,1,0
2024-01-07 06:15:00,6.0,6.0,34.772919622877446,25.103298165449843,0.0,1,1,0
2024-01-07 06:30:00,6.0,6.0,33.418645595444914,24.379120963097563,0.0,1,1,0
2024-01-07 06:45:00,6.0,6.0,35.162961232902866,23.619360712210362,0.0,1,1,0
2024-01-07 07:00:00,7.0,6.0,37.25417372014295,24.505527365920347,0.0,0,1,0
2024-01-07 07:15:00,7.0,6.0,38.0,25.318060019234494,0.0,0,1,0
2024-01-07 07:30:00,7.0,6.0,33.55545027580502,25.94684821260488,0.0,0,1,0
2024-01-07 07:45:00,7.0,6.0,36.60442664635445,26.744891115886922,0.0,0,1,0
2024-01-07 08:00:00,8.0,6.0,38.0,25.897550341555,0.0,1,1,0
2024-01-07 08:15:00,8.0,6.0,37.962243588583604,25.38163397960201,0.0,1,1,0
2024-01-07 08:30:00,8.0,6.0,38.0,24.558300817586325,0.0,1,1,0
2024-01-07 08:45:00,8.0,6.0,37.794773705999255,24.13076559077248,0.0,1,1,0
2024-01-07 09:00:00,9.0,6.0,38.0,23.605009255315906,0.0,1,1,1
2024-01-07 09:15:00,9.0,6.0,38.0,24.715336010255488,0.0,0,1,1
2024-01-07 09:30:00,9.0,6.0,37.83768620094257,25.6020842033495,0.0,0,1,1
2024-01-07 09:45:00,9.0,6.0,38.0,26.826736161250242,0.0,0,1,1
2024-01-07 10:00:00,10.0,6.0,38.0,26.24921895705421,0.0,1,1,1
2024-01-07 10:15:00,10.0,6.0,38.0,25.88145152975027,0.0,1,1,1
2024-01-07 10:30:00,10.0,6.0,38.0,26.3840740065981,2.0,1,1,1
2024-01-07 10:45:00,10.0,6.0,38.0,25.907980599606116,0.0,1,1,1
2024-01-07 11:00:00,11.0,6.0,38.0,26.67380364313135,2.0,1,1,1
2024-01-07 11:15:00,11.0,6.0,38.0,26.451423094437143,0.0,1,1,1
2024-01-07 11:30:00,11.0,6.0,36.93458458153076,26.11211161090664,0.0,1,1,1
2024-01-07 11:45:00,11.0,6.0,38.0,26.390668174794055,1.0,1,1,1
2024-01-07 12:00:00,12.0,6.0,38.0,25.880159556989287,0.0,1,1,1
2024-01-07 12:15:00,12.0,6.0,38.0,25.393805056981712,0.0,1,1,1
2024-01-07 12:30:00,12.0,6.0,38.0,25.39186517038038,1.0,1,1,1
2024-01-07 12:45:00,12.0,6.0,38.0,25.95447726083225,2.0,1,1,1
2024-01-07 13:00:00,13.0,6.0,38.0,26.319055128716613,2.0,1,1,1
2024-01-07 13:15:00,13.0,6.0,38.0,26.03324836576572,0.0,1,1,1
2024-01-07 13:30:00,13.0,6.0,38.0,25.384219932696904,0.0,1,1,1
2024-01-07 13:45:00,13.0,6.0,38.0,26.121645451944417,2.0,1,1,1
2024-01-07 14:00:00,14.0,6.0,38.0,25.564680693399612,0.0,1,1,1
2024-01-07 14:15:00,14.0,6.0,38.0,25.34277111640331,0.0,1,1,1
2024-01-07 14:30:00,14.0,6.0,38.0,25.245875788957143,1.0,1,1,1
2024-01-07 14:45:00,14.0,6.0,38.0,24.95779514129416,0.0,1,1,1
2024-01-07 15:00:00,15.0,6.0,36.543750789619715,24.498823375215103,0.0,1,1,1
2024-01-07 15:15:00,15.0,6.0,35.98704498815837,23.95463091937071,0.0,1,1,1
2024-01-07 15:30:00,15.0,6.0,35.967038919472294,24.95888273677474,0.0,0,1,1
2024-01-07 15:45:00,15.0,6.0,37.7454297182024,25.63437978545299,0.0,0,1,1
2024-01-07 16:00:00,16.0,6.0,37.5069461363593,26.541340920098786,0.0,0,1,1
2024-01-07 16:15:00,16.0,6.0,37.39569928600274,26.051901275150055,0.0,1,1,1
2024-01-07 16:30:00,16.0,6.0,37.318659804881875,25.774210691214606,0.0,1,1,1
2024-01-07 16:45:00,16.0,6.0,36.17323830164816,24.897140006079482,0.0,1,1,1
2024-01-07 17:00:00,17.0,6.0,36.974435153788676,24.311645908628,0.0,1,1,0
2024-01-07 17:15:00,17.0,6.0,36.04800743293698,23.74306952305314,0.0,1,1,0
2024-01-07 17:30:00,17.0,6.0,33.49427876459198,24.512842722787976,0.0,0,1,0
2024-01-07 17:45:00,17.0,6.0,37.400961308759804,25.607682998896905,0.0,0,1,0
2024-01-07 18:00:00,18.0,6.0,35.28510182287312,26.426285930328607,0.0,0,1,0
2024-01-07 18:15:00,18.0,6.0,35.4615625488864,25.58081328343274,0.0,1,1,0
2024-01-07 18:30:00,18.0,6.0,33.64888729942059,25.030429403242103,0.0,1,1,0
2024-01-07 18:45:00,18.0,6.0,34.57000122591815,24.29971262158206,0.0,1,1,0
2024-01-07 19:00:00,19.0,6.0,32.718599269617656,23.442612173230664,0.0,1,1,0
2024-01-07 19:15:00,19.0,6.0,31.942920663022356,24.12360381834742,0.0,0,1,0
2024-01-07 19:30:00,19.0,6.0,37.90595082488734,25.26125410656373,0.0,0,1,0
2024-01-07 19:45:00,19.0,6.0,33.70189223534107,25.836517862783396,0.0,0,1,0
2024-01-07 20:00:00,20.0,6.0,32.84286315572227,26.21239856021117,0.0,0,1,0
2024-01-07 20:15:00,20.0,6.0,33.86913775906848,25.35120602423977,0.0,1,1,0
2024-01-07 20:30:00,20.0,6.0,32.61519071780499,24.485935519934834,0.0,1,1,0
2024-01-07 20:45:00,20.0,6.0,32.60009811505935,23.400770319711327,0.0,1,1,0
2024-01-07 21:00:00,21.0,6.0,31.162078861125774,23.872190064389777,0.0,0,1,0
2024-01-07 21:15:00,21.0,6.0,30.111062253459956,24.375218589688618,0.0,0,1,0
2024-01-07 21:30:00,21.0,6.0,35.80456430229995,24.985014320246293,0.0,0,1,0
2024-01-07 21:45:00,21.0,6.0,33.68862569446252,25.59632422948317,0.0,0,1,0
2024-01-07 22:00:00,22.0,6.0,30.26267781000398,25.897980424144357,0.0,0,1,0
2024-01-07 22:15:00,22.0,6.0,31.741844122655603,26.32277157875798,0.0,0,1,0
2024-01-07 22:30:00,22.0,6.0,30.874047513539985,25.130303070748703,0.0,1,1,0
2024-01-07 22:45:00,22.0,6.0,29.10476076551536,23.961712578105246,0.0,1,1,0
2024-01-07 23:00:00,23.0,6.0,30.991545619759343,24.27792051519599,0.0,0,1,0
2024-01-07 23:15:00,23.0,6.0,28.921828921077996,24.576166289278497,0.0,0,1,0
2024-01-07 23:30:00,23.0,6.0,29.09220946124928,24.790980882721605,0.0,0,1,0
2024-01-07 23:45:00,23.0,6.0,29.779156066913448,25.524791098397333,0.0,0,1,0
